{"assets":[{"type":"image","src":"/assets/hpm.png","unitDim":"px","height":0,"width":0}],"styles":[{"selectors":["#ief6"],"style":{"padding":"10px","float":"left","text-decoration":"none solid #25867d auto","border":"0px solid","outline":"medium none #b03131","column-rule":"medium none #2a2069"}},{"selectors":["#i2gz"],"style":{"position":"relative","width":"100%","height":"0","padding-top":"100.0000%","padding-bottom":"0","margin-top":"1.6em","margin-bottom":"0.9em","overflow":"hidden","border-radius":"8px","will-change":"transform","column-rule":"medium none #8d1d1d","outline":"medium none #ffffff","background-color":"#ffffff"}},{"selectors":["#inst"],"style":{"padding":"10px"}},{"selectors":["#ip41j"],"style":{"padding":"10px","background-color":"#ff6060","float":"right","border":"0px none #310058","position":"absolute","display":"block"}},{"selectors":["#ioelf"],"style":{"position":"relative","width":"100%","height":"0","padding-top":"100.0000%","padding-bottom":"0","margin-top":"1.6em","margin-bottom":"0.9em","overflow":"hidden","border-radius":"8px","will-change":"transform","column-rule":"medium none #8d1d1d","outline":"medium none #ffffff","background-color":"#ffffff","padding":"10px"}},{"selectors":["#iuhny"],"style":{"padding":"10px","overflow":"auto","background-color":"#ffffff","float":"right"}},{"selectors":["#igwzf"],"style":{"padding":"10px"}},{"selectors":["#iyzkw"],"style":{"padding":"10px"}},{"selectors":["#ijqxk"],"style":{"padding":"10px"}}],"pages":[{"frames":[{"component":{"type":"wrapper","stylable":["background","background-color","background-image","background-repeat","background-attachment","background-position","background-size"],"attributes":{"id":"in5f"},"components":[{"type":"text","attributes":{"id":"ief6"},"components":[{"tagName":"u"}],"plugin-unwrap":false},{"type":"text","attributes":{"id":"ip41j"},"components":[{"type":"textnode","content":"Espadon Du Travail"}]},{"type":"text","attributes":{"id":"inst"}},{"type":"text","attributes":{"id":"iuhny"},"components":[{"type":"textnode","content":"Espadon Du Travail est une association d'apprentissage international gratuite"}]},{"type":"text","attributes":{"id":"igwzf"},"components":[{"type":"textnode","content":"Insert your text here"}]},{"type":"text","attributes":{"id":"ijqxk"}},{"tagName":"A","type":"button","attributes":{"type":"button","id":"iylio","href":"./index.html"},"text":"Boutton","components":[{"type":"textnode","content":"Boutton"}],"originalTagName":"button","plugin-unwrap":false},{"type":"text","attributes":{"id":"iyzkw"},"components":[{"tagName":"br","void":true}]},{"icon":"<span class=\"fa fa-gem\"></span>","attributes":{"id":"i2gz"},"components":[{"type":"form","attributes":{"method":"get","id":"ijdjg"},"symbolChildId":"c1483"}],"symbolId":"s_2_1708844563703"},{"type":"custom-code","attributes":{"id":"izk6"},"components":[]}]},"id":"142T5baYASvjV9Ho"}],"type":"main","id":"16J2oorqJmq2wm6o"},{"name":"New page","frames":[{"component":{"type":"wrapper","stylable":["background","background-color","background-image","background-repeat","background-attachment","background-position","background-size"],"nameForDataSource":"","publicStates":[]},"id":"wr2hsGmfC2DTjVdf"}],"id":"8YZl4CYg6qIUFbntU"}],"settings":{},"fonts":[],"symbols":[{"label":"page 1","icon":"fa-gem","id":"s_2_1708844563703","model":{"icon":"<span class=\"fa fa-gem\"></span>","attributes":{"id":"ioelf"},"components":[{"type":"textnode","content":"Send","symbolChildId":"c1773"},{"type":"textnode","content":"Send","symbolChildId":"c1773"},{"type":"form","attributes":{"method":"get"},"symbolChildId":"c1483"}],"symbolId":"s_2_1708844563703"}}],"publication":{"connector":{"connectorId":"download-connector","type":"HOSTING","displayName":"Download zip file","icon":"data:image/svg+xml,%3Csvg%20xmlns%3D%22http%3A%2F%2Fwww.w3.org%2F2000%2Fsvg%22%20height%3D%221em%22%20viewBox%3D%220%200%20384%20512%22%3E%3C!--!%20Font%20Awesome%20Free%206.4.0%20by%20%40fontawesome%20-%20https%3A%2F%2Ffontawesome.com%20License%20-%20https%3A%2F%2Ffontawesome.com%2Flicense%20(Commercial%20License)%20Copyright%202023%20Fonticons%2C%20Inc.%20--%3E%3Cpath%20d%3D%22M64%20464c-8.8%200-16-7.2-16-16V64c0-8.8%207.2-16%2016-16h48c0%208.8%207.2%2016%2016%2016h32c8.8%200%2016-7.2%2016-16h48v80c0%2017.7%2014.3%2032%2032%2032h80V448c0%208.8-7.2%2016-16%2016H64zM64%200C28.7%200%200%2028.7%200%2064V448c0%2035.3%2028.7%2064%2064%2064H320c35.3%200%2064-28.7%2064-64V154.5c0-17-6.7-33.3-18.7-45.3L274.7%2018.7C262.7%206.7%20246.5%200%20229.5%200H64zm48%20112c0%208.8%207.2%2016%2016%2016h32c8.8%200%2016-7.2%2016-16s-7.2-16-16-16H128c-8.8%200-16%207.2-16%2016zm0%2064c0%208.8%207.2%2016%2016%2016h32c8.8%200%2016-7.2%2016-16s-7.2-16-16-16H128c-8.8%200-16%207.2-16%2016zm-6.3%2071.8L82.1%20335.9c-1.4%205.4-2.1%2010.9-2.1%2016.4c0%2035.2%2028.8%2063.7%2064%2063.7s64-28.5%2064-63.7c0-5.5-.7-11.1-2.1-16.4l-23.5-88.2c-3.7-14-16.4-23.8-30.9-23.8H136.6c-14.5%200-27.2%209.7-30.9%2023.8zM128%20336h32c8.8%200%2016%207.2%2016%2016s-7.2%2016-16%2016H128c-8.8%200-16-7.2-16-16s7.2-16%2016-16z%22%2F%3E%3C%2Fsvg%3E","disableLogout":false,"isLoggedIn":true,"oauthUrl":null,"color":"#ffffff","background":"#006400"}}}